timestamp,prompt
2025-08-17T06:20:00.649310,tel me about the gravity
2025-08-17T06:42:37.354221,the gravity
2025-08-17T06:43:33.219477,the gravity
2025-08-17T06:44:27.599529,"physics
"
2025-08-17T06:46:35.328600,"will smith
"
2025-08-17T06:48:53.880942,"who is will smith?

"
2025-08-17T06:50:26.459354,"the god father

"
2025-08-17T06:51:04.708224,"the god father

"
2025-08-17T06:51:46.687603,"the god father movie


"
2025-08-17T06:52:43.210592,the god father movie
2025-08-17T07:04:29.441918,the god father movie
2025-08-17T07:05:16.412247,the god father movie
2025-08-17T08:41:03.876713,tell me about the gravity
2025-08-17T08:41:46.137537,tell me about the gravity
2025-08-17T08:41:48.808513,tell me about the gravity
2025-08-17T08:41:52.136228,tell me about the gravity
2025-08-17T08:41:52.839145,tell me about the gravity
2025-08-17T08:41:53.091784,tell me about the gravity
2025-08-17T08:41:53.274599,tell me about the gravity
2025-08-17T08:41:53.435590,tell me about the gravity
2025-08-17T08:41:53.590695,tell me about the gravity
2025-08-17T08:41:53.730300,tell me about the gravity
2025-08-17T08:41:53.903698,tell me about the gravity
2025-08-17T08:41:54.066961,tell me about the gravity
2025-08-17T08:41:54.516149,tell me about the gravity
2025-08-17T08:41:54.888325,tell me about the gravity
2025-08-17T08:41:55.387523,tell me about the gravity
2025-08-17T08:41:55.751892,tell me about the gravity
2025-08-17T08:41:56.132422,tell me about the gravity
2025-08-17T08:41:56.495601,tell me about the gravity
2025-08-17T08:41:56.845316,tell me about the gravity
2025-08-17T08:41:57.030611,tell me about the gravity
2025-08-17T08:41:57.178569,tell me about the gravity
2025-08-17T08:41:57.348697,tell me about the gravity
2025-08-17T08:41:57.492174,tell me about the gravity
2025-08-17T08:41:58.022634,tell me about the gravity
2025-08-17T08:41:58.420811,tell me about the gravity
2025-08-17T08:41:58.708615,tell me about the gravity
2025-08-17T08:41:58.975318,tell me about the gravity
2025-08-17T08:42:15.180147,tell me about the gravity
2025-08-17T08:42:38.856935,tell me about the gravity
2025-08-17T08:42:40.506321,tell me about the gravity
2025-08-17T08:42:41.032296,tell me about the gravity
2025-08-17T08:42:41.373679,tell me about the gravity
2025-08-17T08:42:41.651416,tell me about the gravity
2025-08-17T08:43:01.748032,tell me about the gravity
2025-08-17T08:47:13.390043,"tell me about the gravity
"
2025-08-17T08:47:18.910384,"tell me about the gravity
"
2025-08-17T08:47:19.266241,"tell me about the gravity
"
2025-08-17T08:47:19.571498,"tell me about the gravity
"
2025-08-17T08:48:35.075515,what is the gravivty
2025-08-17T09:12:45.443595,tell me about the gravity
2025-08-17T09:13:13.548948,asdasdsa
2025-08-17T09:25:02.400408,asdasdas
2025-08-17T09:25:22.369076,asdsa
2025-08-17T09:25:31.431022,asdsa
2025-08-17T09:50:11.739572,"ما هي الجاذبية
"
2025-08-17T09:57:13.542948,"ما هي الجاذبية
"
2025-08-17T09:58:33.083534,"ما هي الجاذبية
"
2025-08-17T10:00:21.400562,"ما هي الجاذبية
"
2025-08-17T10:02:06.376661,"ما هي الجاذبية
"
2025-08-17T10:03:34.342876,"ما هي الجاذبية
"
2025-08-17T10:04:59.724448,"tell me about the mars planet

"
2025-08-17T10:43:39.626046,tell me about the planet mars
2025-08-17T10:47:59.357396,tell me about the planet mars
2025-08-17T10:50:32.637343,tell me about the planet mars
2025-08-17T10:51:42.970664,tell me about the planet mars
2025-08-17T10:58:26.817429,tell me about the planet mars
2025-08-17T10:59:59.878809,tell me about the planet mars
2025-08-17T11:00:42.039269,tell me about the planet mars
2025-08-17T11:01:44.575381,tell me about the planet mars
2025-08-17T11:02:32.517442,tell me about the planet mars
2025-08-17T11:17:23.208706,tell me in 12 words about the gravity
2025-08-17T13:09:31.304929,will smith
2025-08-17T13:10:27.943279,"tell me about gravity
"
2025-08-18T09:47:41.416067,hi
